vertex index,timestamp [ns],position x [m],position y [m],position z [m],quaternion x,quaternion y,quaternion z,quaternion w,velocity x [m/s],velocity y [m/s],velocity z [m/s],acc bias x [m/s^2],acc bias y [m/s^2],acc bias z [m/s^2],gyro bias x [rad/s],gyro bias y [rad/s],gyro bias z [rad/s]
0,1651752832414542096,1.20184249216675,0.0830735462934096,1.09058310331621,-0.00873467282432777,0.00280716055833358,-0.000657058904672375,0.999957695912106,0.000953290221897298,0.000877985518698887,-0.00155992660004251,-0.0586536287544465,0.0028040626453113,-0.038941965266317,0.00185447736681846,-0.00190820143043212,-0.00205391069388557
1,1651752832514540896,1.20186565321058,0.0830415110694408,1.09045858509359,-0.00871968759751034,0.00282441559184142,-0.000650080907676548,0.999957782668638,-0.000284853977793139,-0.00119220803729842,-0.00106122146815735,-0.0586536329538357,0.00280405810648412,-0.038941991880836,0.00185447664629928,-0.00190819952135458,-0.00205391202004405
2,1651752832714538400,1.20200364672569,0.0831641333319023,1.09026498993233,-0.00873609563232715,0.00287567843388788,-0.000621503008177948,0.999957511517694,0.00158294246092803,0.00112585840590881,-0.000871658391572393,-0.0586536345557607,0.00280402732272677,-0.0389426383754718,0.00185447441851041,-0.00190819020851179,-0.00205392336781775
3,1651752832814537200,1.20208864158358,0.0832104857238332,1.09018786353293,-0.0087475278639647,0.00289691461629061,-0.0006081318632443,0.999957358499657,-0.000193328871681073,0.000228970755471427,-0.000585744571034644,-0.0586535295424099,0.00280405804318629,-0.0389435006545311,0.0018544748287176,-0.00190818384827565,-0.0020539337941479
4,1651752832914535904,1.20197928407077,0.0832465741263985,1.09015155992459,-0.00874833105236865,0.00288837011690032,-0.000590539491104941,0.999957386734542,-0.00141481553207352,0.000359890526712767,-0.000344665970392902,-0.0586533023889888,0.00280412059183453,-0.0389448276398306,0.00185447670858647,-0.00190817742039566,-0.00205394754790775
5,1651752833014534800,1.20192331299828,0.0832081927236364,1.09012084230905,-0.0087337934432336,0.00287979731055752,-0.000582935004713092,0.999957543001862,0.000513254465979785,-0.00109294794715838,-0.000143776806363126,-0.0586530610130572,0.00280419538642654,-0.0389467141492861,0.00185447875396531,-0.00190817079583775,-0.00205396463303547
6,1651752833114533504,1.20204300678372,0.0831731197647987,1.09009531862203,-0.00872404431019253,0.00289654369164677,-0.000579297877999382,0.999957581850093,0.0017069697405101,0.00082255694933472,-0.00048025458105931,-0.0586528516231432,0.00280424340652585,-0.0389492396464504,0.00185448090982864,-0.00190816195622355,-0.00205398510430617
7,1651752833514528592,1.20209011841802,0.0831983367227728,1.09003855614282,-0.00872491789267035,0.00291082971195792,-0.000563676661431683,0.999957541672033,0.000212783974942838,-0.000965262220570942,0.000204133978681484,-0.0586509088386788,0.00280349526907258,-0.0389661702628346,0.00185449426132309,-0.00190812307810688,-0.00205410553255344
8,1651752833914523600,1.20200252863458,0.0832352158713282,1.09017907400621,-0.00873901544427831,0.00286514801709551,-0.000552020510014248,0.999957557003927,0.000582322940824807,-5.90882961237901e-05,0.000428564804459525,-0.0586455891664597,0.00279993126424185,-0.038994411414883,0.0018545132744749,-0.00190808835786297,-0.0020542891286478
9,1651752834314518704,1.20193240436284,0.0833804416228491,1.09033949501587,-0.00878939328827242,0.00280586859242594,-0.000534527581343958,0.999957293061724,-0.000414986006006827,0.00208995808621142,0.000920490877472298,-0.0586340420534285,0.00279119349455071,-0.0390319708565185,0.00185453148177638,-0.00190804748129103,-0.00205454178809709
10,1651752834714513792,1.20165501231683,0.0833208342894141,1.09075606853386,-0.0088364850702181,0.00265234525860689,-0.000565727014119893,0.999957279862084,-0.000605998730519393,0.000279430285293662,0.00106995981886921,-0.0586099898111583,0.00277429395690288,-0.0390746358466781,0.00185453389591721,-0.0019080050090801,-0.00205486264579985
11,1651752835114508992,1.20131203099996,0.0835725917005554,1.0913052838974,-0.00901184355787705,0.00242714332369763,-0.000591807360869307,0.999956271751431,-0.000409751584269421,0.000252360657539342,0.00162799734854079,-0.0585649417721009,0.00274016343447622,-0.0391167262741303,0.00185451911545689,-0.00190797227835385,-0.00205525377337993
12,1651752835514504192,1.20071795867128,0.0835692472437506,1.09213965792419,-0.00927847925501758,0.0020483621345664,-0.000730800915240984,0.999954588951569,-0.00168762803053173,-5.94423501783062e-06,0.00291462417073725,-0.0584818599328588,0.0026755694908529,-0.0391547955745748,0.00185449646819871,-0.00190796400325323,-0.00205572063510218
13,1651752835914499392,1.20050835005586,0.0827003394554863,1.09343269648448,-0.00969927876402811,0.00150764253053627,-0.00116893892975246,0.999951141100022,0.0014839459718142,-0.00272118170252377,0.00389043073879152,-0.0583252941185464,0.00254508428210139,-0.0391892324621547,0.0018544862865541,-0.00190795402224075,-0.00205629053578335
14,1651752836314494592,1.20224099483887,0.0811348869942327,1.095400812439,-0.0120297624648299,-6.68481400318309e-05,-0.00376505623823009,0.999920549192729,0.0399965135926549,-0.0212043235208323,0.00158669329515796,-0.0580430108839281,0.00230356895035078,-0.0392235227397215,0.00185423831924932,-0.00190812533307846,-0.00205714294459368
15,1651752836714489792,1.24451258306086,0.0744616967643344,1.09528913335024,-0.0109950593632374,0.000771272926215112,-0.00612854977292094,0.999920474180499,0.184470112867833,-0.0157035207121218,-0.00290202471004355,-0.0578911161423247,0.00230030552715661,-0.0393582641960388,0.00185426335196282,-0.0019084084790062,-0.00205818585061122
16,1651752837114484992,1.35281322455837,0.0760985228357369,1.0935184689272,-0.0104727565779707,0.00187031543461686,-0.00469677584710474,0.999932379506972,0.339096085859922,0.023998076274387,-0.00503616836484233,-0.0576918320645486,0.0021223143647168,-0.039544287328117,0.00185419140112529,-0.00190836753913525,-0.00205928980195967
17,1651752837514480304,1.50118840861529,0.0847038225004257,1.09316118030766,-0.00998233379941417,0.00191565117105373,-0.000340194491233978,0.999948282442755,0.396454486616223,0.0288047808982336,-0.000238329520603765,-0.0573647190112623,0.00187433081002986,-0.0396674742902094,0.00185414538526053,-0.00190815036615215,-0.00206041213954076
18,1651752837914475392,1.66304996451839,0.0960757486047845,1.09268906375713,-0.00972810689799159,0.00166840633888604,0.00450345536794343,0.999941147891324,0.418100458604228,0.0408382317339918,0.000584100027201255,-0.0569645403297915,0.00156763214882838,-0.0397284743666826,0.00185419824720391,-0.00190802034121663,-0.00206143376611214
19,1651752838114472992,1.74709377796144,0.10381179355744,1.0926552097175,-0.0104389369319101,0.00141189611549767,0.00647551740101059,0.999923548487323,0.424833270337198,0.0205050572970145,-0.00335483004119762,-0.0567628521442781,0.00138037389516278,-0.0397592828448653,0.00185419488597118,-0.00190799492257805,-0.00206192887724678
20,1651752838514468192,1.91647176740645,0.119640022411676,1.09240444436045,-0.010771422224061,0.00147103942750045,0.0117074433933377,0.999872365992513,0.422324017267247,0.0401885983076474,-0.00131277583945635,-0.0563684224309451,0.00095163743893366,-0.039837791117628,0.00185420213394233,-0.00190790565278839,-0.002062922393257
21,1651752838914463392,2.08772839879691,0.134285703730633,1.09107222108148,-0.0112040953087126,0.00156983322955968,0.0163060798618516,0.99980303841881,0.431644836160257,0.0381380882990852,-2.22823857548578e-05,-0.0559264494810241,0.00036822418408223,-0.0399504440688736,0.00185433097275401,-0.00190766734679283,-0.00206387867926602
22,1651752839314458496,2.26100465558861,0.151224414639271,1.08872026982829,-0.0106718725155202,0.00181184232076548,0.0219485901291401,0.999700499027464,0.425139099647829,0.0521386503204577,-0.000851817079093036,-0.0554323664737259,0.000120893274438044,-0.0400916260599427,0.00185415613057157,-0.00190781135568086,-0.00206477975944497
23,1651752839714453696,2.43234044117812,0.169325365973239,1.08703597352072,-0.0100704396128851,0.0019232565084362,0.0275606560186973,0.999567555280895,0.428931278704229,0.0396953569224266,-0.00377495827604902,-0.055025929014002,-0.000169272812327553,-0.0402312180245473,0.00185408723216141,-0.00190784593736974,-0.0020655203733539
24,1651752840114448800,2.60368862170693,0.190884902224214,1.08577506261278,-0.00985430250772069,0.00172096641310102,0.0333829053317841,0.999392571829659,0.432009356793211,0.0587880788532428,-0.00211069134892878,-0.0546814625064346,-0.000503062738183636,-0.0403792416592157,0.00185405777197105,-0.00190786042869029,-0.00206611089531175
25,1651752840514443904,2.77551921568755,0.214352732979852,1.08378069986804,-0.00993965745629119,0.00215864682119107,0.03893247629847,0.999190074882063,0.431633884335137,0.0616173252090853,-0.00683627535604618,-0.0544337351397863,-0.000892571861905262,-0.040542146063832,0.00185402376699733,-0.00190781781259831,-0.00206657212251631
26,1651752840914438896,2.94729784546731,0.236387496211072,1.08157831952197,-0.0102800220921081,0.00232604844864817,0.0430268563576993,0.999018318288696,0.428340023020206,0.0310508699926373,-0.00487286363897988,-0.0543145307413353,-0.00134049143172568,-0.0406735924658748,0.00185398598506674,-0.00190786710780543,-0.00206684543414101
27,1651752841314433904,3.11799997564465,0.253503128528246,1.08076803096426,-0.0096518572733678,0.0019607222191976,0.0443227642760498,0.998968713116924,0.425501578189135,0.0376549837237825,-0.00252684267882279,-0.0539222109210814,-0.00165279127156886,-0.0407599906680138,0.00185391495434704,-0.0019077932336903,-0.00206696357411305
28,1651752841714428800,3.28904622812383,0.268367958364237,1.08107276765344,-0.00921559839283918,0.0012182860422403,0.0443994234990618,0.998970610037318,0.427043834957515,0.0373869508458652,0.00180248910398484,-0.0535926880824909,-0.00199993103699364,-0.0408193964048459,0.00185388072191722,-0.00190771883610552,-0.0020669348356905
29,1651752842114423792,3.45797782481243,0.282916572668593,1.08151366189057,-0.00897464602818376,0.00041237614425603,0.0442432506802144,0.998980390420068,0.42732936323069,0.0243244925916246,0.000582039284907858,-0.0533156154632777,-0.00236925251672886,-0.0408746667995662,0.00185387284764748,-0.00190775049244481,-0.00206674250514234
30,1651752842514418704,3.62740130164014,0.296465327435594,1.0816974557822,-0.00880018067201977,9.57172672326714e-05,0.0436971479909095,0.999006059499043,0.428115443062382,0.0288851024249288,0.000247692615918974,-0.0531168034069036,-0.00276287843781227,-0.0409537165171966,0.00185386968556994,-0.00190783218403703,-0.00206641322513925
31,1651752842914413600,3.8002965541371,0.310640263051565,1.08155695469302,-0.0086500149018984,7.61095795901544e-05,0.0434416042120317,0.999018517582639,0.435553954150714,0.0343035746047341,0.000835861358711129,-0.052961653584623,-0.00317914869651037,-0.041031111073586,0.00185387103957592,-0.0019077937437169,-0.00206596744333822
32,1651752843314408496,3.97460702711612,0.325370416729097,1.08191729291189,-0.00838330306612316,-0.000211935497522293,0.0432014511355917,0.999031185665806,0.441644871510883,0.0119794533768873,-0.000389966616197882,-0.0526385382008885,-0.00353000734457844,-0.0410948314520892,0.00185386115822324,-0.00190785300626344,-0.00206541777059167
33,1651752843714403504,4.14901147074705,0.343192394788193,1.0822493083762,-0.00856627554068994,-0.000454816806913413,0.0436873707126318,0.999008421238405,0.429705852871575,0.0499798436768693,0.00123069895047071,-0.0523823345083875,-0.00391484654486046,-0.0411690049501909,0.0018538479022844,-0.00190785965741814,-0.0020648300762443
34,1651752844114398496,4.31672453473299,0.358935809056316,1.08258746791199,-0.0085223330798703,-0.000837148114471582,0.0439503207177341,0.998997016177085,0.422693372911852,0.0458619951106992,-0.00322484551018976,-0.0522055545446759,-0.00431751797384086,-0.0412520621941604,0.00185385134491541,-0.00190797256738135,-0.00206417192605388
35,1651752844514393504,4.48580409133997,0.376020053936413,1.08192443443382,-0.00817239371307969,-0.00099918426482332,0.0449570479917028,0.998954992703713,0.425638924752625,0.0252517030149286,-0.00252408979637204,-0.0519624393970688,-0.00469039490657652,-0.0413501646418624,0.00185387804755384,-0.00190802081816784,-0.00206347908463227
36,1651752844914388400,4.65614792976899,0.390294574715428,1.08103639879444,-0.00753648389272176,-0.000996183821597406,0.0452374649458671,0.998947336346416,0.427903664099969,0.0388276105133534,-0.00131563533836809,-0.0517749990558932,-0.00509164337716874,-0.0414373547177997,0.00185391441049506,-0.00190808440942107,-0.00206267728863832
37,1651752845314383392,4.82729134704728,0.406379551408818,1.08124289211492,-0.00738065614433207,-0.00131696613852424,0.0455841494686745,0.998932368497631,0.429248332706784,0.0319270897726461,0.00199906500824883,-0.0516147257484552,-0.00553443770113438,-0.0414843205143679,0.00185396417798309,-0.00190817572028315,-0.00206181657247365
38,1651752845714378400,4.99935360998337,0.421974494364636,1.08341911506465,-0.00736196450072695,-0.00133259342096666,0.0457644772451631,0.99892424051874,0.429087239892373,0.0401555119570827,0.00550507330941026,-0.0514226653331135,-0.00597168068699862,-0.0414522451617746,0.00185397101619845,-0.00190811752488754,-0.00206088264756983
39,1651752846114373296,5.16926982986108,0.437316752246528,1.08582009983494,-0.00721822644900502,-0.00141083628505,0.04604490843458,0.998912295026525,0.433799385246334,0.0347596949935402,0.00555037306309515,-0.0512000711801095,-0.00639313800716237,-0.041382057687659,0.0018539957320807,-0.00190816078802985,-0.00205991675439799
40,1651752846514368304,5.34482161915939,0.449156080499258,1.087533840629,-0.00630850476556257,-0.000843765855062516,0.0457711554532952,0.998931675418932,0.445594718791021,0.0329812172248644,0.00146191543775944,-0.0509645723639703,-0.00679084817229721,-0.0413156557376503,0.00185410722742505,-0.00190815592146549,-0.00205887855932892
41,1651752846914363296,5.52026085347581,0.460327364124839,1.08916136814812,-0.00634720303982645,-0.000669165642496597,0.0439021768189906,0.999015447378802,0.44424549373043,0.0213203930416498,-0.00534960640472385,-0.0507194706456442,-0.0072946163969957,-0.0412921041006155,0.00185404488021714,-0.00190830096557123,-0.00205776075986929
42,1651752847314358304,5.69697688012767,0.469238071806647,1.08974200830754,-0.00671909511723791,-0.000384788328278783,0.0406157486762268,0.999152173924582,0.442694044768469,0.0137630046468291,-0.0012376583823408,-0.0505056135324796,-0.00773336742088,-0.0412896360288312,0.00185405593833567,-0.00190836408736625,-0.00205666584866306
43,1651752847714353392,5.87390528774062,0.467315515379549,1.08945470186786,-0.00660522016770341,0.000279775382267696,0.0340884185720703,0.99939695442378,0.442928105992696,-0.0100957943117693,0.000732140749239466,-0.0503037605532938,-0.00812673414578919,-0.0412788032182985,0.00185408304077311,-0.00190840646471052,-0.00205549848444806
44,1651752848114348496,6.05074688903068,0.453722286624478,1.0896937665324,-0.00646671412056104,0.000521568334481878,0.0237698391051352,0.999696406077301,0.448923683182579,-0.0505796978302707,0.00393645091305971,-0.0500898223036289,-0.00848114052055896,-0.0412533246924428,0.00185412647330403,-0.0019084728443106,-0.00205426202199886
45,1651752848514343600,6.22869413739082,0.42457370766449,1.09004949514475,-0.00622857099300355,0.000774082374104551,0.00866668049360171,0.999942745535506,0.441039262011963,-0.0929492291535418,0.000150441784764107,-0.0498857458742692,-0.00878004379235647,-0.0412306379033654,0.00185416277904852,-0.00190863270225455,-0.00205292296267804
46,1651752848914338704,6.40473049510053,0.37769026363778,1.09043748133858,-0.00621906617349962,0.000897125746581088,-0.0110383720468757,0.999919333108366,0.433684371278748,-0.125273717711354,0.000526569081255825,-0.0497255759457066,-0.00924127771314129,-0.0412240297027474,0.00185421384500049,-0.00190859600086664,-0.00205159340685784
47,1651752849314333792,6.57799151931152,0.316323298498809,1.09039722706962,-0.00645619998589769,0.00130344970414253,-0.0343390817467915,0.999388536038611,0.422653475940894,-0.190713342972433,0.0023568487110457,-0.0495159994632079,-0.00964536230026896,-0.0412173923117135,0.00185434135788083,-0.00190863744941436,-0.00205015919402055
48,1651752849714328800,6.74539850957539,0.229247364729078,1.09073745909998,-0.00649945655853276,0.00136344381637043,-0.064581147682099,0.997890361437301,0.413249626391408,-0.238996041253292,0.00237871609103238,-0.0492514452402762,-0.00998636886460473,-0.0412006125457263,0.00185444417175069,-0.00190862748471608,-0.00204872005312221
49,1651752850014324992,6.86424441331738,0.1433086901433,1.09077726427316,-0.00602436870599046,0.00127275198574677,-0.0927203757467937,0.995673148681559,0.376333615712298,-0.316413994230788,-0.000843651553658864,-0.0490081226177069,-0.0101584659869996,-0.0411997380189916,0.00185451074155794,-0.00190864623061616,-0.00204765827081975
50,1651752850414319904,7.00423212969404,0.00592798363713464,1.08944094423742,-0.006244795737788,0.00198439691142853,-0.13640857003949,0.99063099422281,0.330371649460387,-0.371860038707396,-0.00403044710913775,-0.0487719581765665,-0.0105117843898224,-0.0412461758554967,0.00185472145709044,-0.00190872518853162,-0.00204622749228278
51,1651752850814314704,7.11963223682008,-0.163069707815068,1.08828803577287,-0.00632494081696407,0.00234518883302192,-0.188319913478281,0.982084571409475,0.251259552968111,-0.442504483151033,-0.000327715914572659,-0.0485119861780124,-0.0108364965103172,-0.0413042817767489,0.00185491969253272,-0.00190880328110428,-0.00204472164799364
52,1651752851114310800,7.18745811840092,-0.301426359304611,1.0869918531512,-0.00653778669362739,0.00289585633970648,-0.22978493225466,0.973215164426618,0.201110099707321,-0.470762853685654,-0.00528794690527176,-0.0483138308823345,-0.0110640000207254,-0.041354406615311,0.00185505044006471,-0.00190884886781953,-0.00204363117507338
53,1651752851514305600,7.25761703290175,-0.493690662667092,1.08626707989042,-0.0068930260103449,0.00305309790415317,-0.283996844134812,0.958795576391066,0.154054347237011,-0.493506776335716,-0.00281687030082183,-0.0480390365243181,-0.0114627114203773,-0.0414018796002124,0.0018551278868586,-0.00190890791774717,-0.00204221647160745
54,1651752851914300400,7.30409606082948,-0.693696796934574,1.08540152214726,-0.00655597220130069,0.00355888468794722,-0.337503525917501,0.941294706009509,0.081400501770436,-0.497200874421173,0.0015781198781087,-0.0477870121464719,-0.0117986278246948,-0.0414540870798703,0.00185519880437955,-0.00190902019726221,-0.00204088339810222
55,1651752852114297792,7.31741588067347,-0.795134180310151,1.08522703210763,-0.00649949398168474,0.00366816579432774,-0.364396336244418,0.931214052336697,0.0476952982024262,-0.510811545685714,0.00116101540237212,-0.0476623589464709,-0.0119458184662393,-0.0414836207338279,0.00185525532880128,-0.00190905046972264,-0.00204025275306208
56,1651752852514292592,7.32022296937889,-0.99830646215429,1.08606964671803,-0.00626492812386559,0.00337951059680482,-0.418304635135399,0.908278900893316,-0.030554793036717,-0.514617092434234,0.000437703851444892,-0.0474195077296427,-0.0121801213968637,-0.0415228507904446,0.00185528884955387,-0.00190913770154742,-0.00203907852475227
57,1651752852914287392,7.29639908474478,-1.20110025138741,1.08724817664987,-0.00662413135813773,0.00363049174044758,-0.472082247251377,0.881522145067021,-0.0893693630227901,-0.494744378095522,3.52199708069898e-05,-0.0471245686919782,-0.0125167122352716,-0.0415491122610595,0.00185531411103055,-0.00190927249606397,-0.00203791691039121
58,1651752853114284800,7.27481887250423,-1.29935041709487,1.08834880221853,-0.00715616601719072,0.00369181770981325,-0.498660862138048,0.866759773144595,-0.12508738564969,-0.485751043715829,0.00486145123432356,-0.0469953307814905,-0.0126604631933263,-0.0415603675442579,0.00185533770031292,-0.00190930074611852,-0.00203736447446954
59,1651752853514279696,7.21337598633654,-1.49070255866418,1.08988903987067,-0.00736925689920072,0.00390334028683402,-0.549841240448956,0.835227554795046,-0.176600757742794,-0.466537729999959,0.00415235050797699,-0.0467755479647263,-0.0129185842925164,-0.0415732514288383,0.00185533573667041,-0.00190938040251435,-0.00203626970484666
60,1651752853914274592,7.12730069168366,-1.67260820379184,1.09099929642378,-0.00740046105176053,0.00413836421562416,-0.599578600562239,0.800270959654084,-0.249267936788348,-0.439170171977177,0.00321027404205353,-0.0466067314001958,-0.0131397265821422,-0.0415811741158656,0.00185533672514012,-0.00190945298737191,-0.00203514691485112
61,1651752854214270896,7.04783308138,-1.80022808979775,1.09230650861863,-0.00754760096177882,0.00433303380763896,-0.635482100996977,0.772066550143323,-0.288554310118593,-0.413636037484059,0.00439764369022337,-0.0463952301818519,-0.0133387529110256,-0.0415968858049883,0.00185540020736705,-0.00190943949456788,-0.00203432535962008
62,1651752854614265792,6.92530676964648,-1.9564274489789,1.09348238998001,-0.00762450393068523,0.00453795976500011,-0.680823494564111,0.732393775991095,-0.33246117634406,-0.374523610452151,0.00309102097986767,-0.0461464905572882,-0.0136092429744266,-0.0416184384873093,0.00185541016231371,-0.00190946010084258,-0.00203329623861863
63,1651752855014260800,6.78373883955818,-2.09771890216139,1.09440166163112,-0.007239594280032,0.00485131352638193,-0.723738036346561,0.690019787960428,-0.37484658179989,-0.333364640225803,0.000122201501361792,-0.0459605409655596,-0.0138705332832094,-0.0416669619873643,0.00185538078189306,-0.00190948048092975,-0.00203230623522236
64,1651752855314257104,6.66567617154739,-2.19264072584448,1.09438877423693,-0.00669777213899208,0.00534797001772232,-0.754440940703453,0.656311973116104,-0.398003162432394,-0.303017764349673,-0.0003375702465091,-0.045856125456899,-0.0140722061799107,-0.0417180941298815,0.00185535596571835,-0.00190941299572392,-0.00203157505953925
65,1651752855714252192,6.49802125985159,-2.30090736568355,1.09461540131988,-0.00596149339793519,0.00529158490456902,-0.79247709267452,0.609849585809324,-0.43055034509158,-0.241947128886167,-0.0010196711001198,-0.045560171219141,-0.0143194375247811,-0.0417760482956393,0.00185524113343239,-0.001909524254494,-0.00203069169897546
66,1651752856114247200,6.31935713785447,-2.38774297900552,1.09513318945997,-0.00556875611549447,0.00543662592029157,-0.827791959036471,0.560981198088216,-0.435271466307594,-0.198094062845713,0.010935456823269,-0.0453596338845263,-0.0145833239891835,-0.0418406193714588,0.0018551963364285,-0.00190952413548141,-0.00202982007491507
67,1651752856414243600,6.18305361685691,-2.43766052959979,1.09598627116001,-0.00579922567441078,0.00594014751799358,-0.852075779975935,0.523352604662903,-0.459476206930365,-0.156564550415043,0.00359716508965538,-0.0452541075704895,-0.0147986038030635,-0.0419035098941236,0.00185514213487448,-0.00190951317763012,-0.00202924105921735
68,1651752856814238704,5.99609833079672,-2.48439606868796,1.09797176857848,-0.00559828270502421,0.00624225052847589,-0.881248946900047,0.472578022263681,-0.461137471959163,-0.0947809753265983,0.00852217661891442,-0.0452137175058405,-0.0151097949334855,-0.0419825659094617,0.00185504469690979,-0.00190957761821005,-0.00202859933517014
69,1651752857214233792,5.80784382649967,-2.5122960964313,1.10084590681518,-0.00601043193678252,0.00623299020221608,-0.906790439367855,0.421492732573321,-0.470310184524934,-0.0498139524639345,0.0071481897000869,-0.0449975077886166,-0.0153642493106659,-0.0420017593120518,0.00185490223102107,-0.00190954874428407,-0.00202794056352607
70,1651752857514230096,5.66533703399496,-2.52333648706313,1.10314471793131,-0.006231237975477,0.00652864002189873,-0.923666029978182,0.383092173761226,-0.463471907591846,-0.0306172055693029,0.0122879049953787,-0.0448861500259961,-0.0155748069005605,-0.0420070619743098,0.00185476158404299,-0.0019094933741722,-0.00202753502991482
71,1651752857914225200,5.47731375707706,-2.52682996967168,1.10634260893449,-0.00653691608864709,0.00679941609732186,-0.942597983248385,0.333796462900466,-0.466012374159011,-0.00856454795158082,0.00515440421724355,-0.0447800839213695,-0.0158770712799592,-0.0420110826746516,0.00185456691670416,-0.0019094534095127,-0.00202706329680182
72,1651752858314220304,5.29238358930304,-2.52229133370827,1.10964224733976,-0.00671998333548793,0.00722194931203889,-0.957636704194846,0.287810055506994,-0.455258552934503,0.0192203714651417,0.00722413340464712,-0.0447293925577945,-0.0162166007855111,-0.0420195183936423,0.00185442941310861,-0.00190946475762621,-0.0020265749792543
73,1651752858614216592,5.15764934262786,-2.51472471646047,1.11201657526841,-0.00697533633375783,0.00719919704489689,-0.96674153057283,0.255558856842494,-0.461877864726852,0.0433169682072389,0.00483870997297113,-0.044649730410892,-0.0164719956390979,-0.0420222030723493,0.00185425988703341,-0.00190936591198459,-0.00202627044343227
74,1651752859014211696,4.97984552114707,-2.5020898104273,1.11477816023299,-0.00648287934870555,0.00670377560749641,-0.976062233119398,0.217291391329542,-0.445115999047395,0.0291877897810384,0.00401313594850148,-0.0445355071570359,-0.0167979567085369,-0.042038354540891,0.00185403519287191,-0.00190934874863086,-0.00202588977210692
75,1651752859414206704,4.80263847363477,-2.49290515847511,1.11546938420898,-0.00535488424693417,0.00633871820578964,-0.982749616452775,0.1847548029907,-0.430276340503581,0.00378034006224871,0.00158538820166172,-0.044437318702454,-0.0170974461475073,-0.0420665358913249,0.00185383263906154,-0.0019093195870613,-0.00202548567189017
76,1651752859814201696,4.62958629577374,-2.4875667651549,1.11716643693016,-0.00464610530299165,0.00575433781725439,-0.987363596780928,0.158298544066673,-0.429623236448686,-0.00028339065485625,0.00638886447076578,-0.0443232187747559,-0.0173742187322985,-0.0421151861937738,0.00185362341173264,-0.00190926754818888,-0.00202507750391341
77,1651752860214196592,4.45973156787136,-2.48929476382175,1.11925654815299,-0.00416421175376027,0.00523678706661326,-0.990412345348932,0.137980511602607,-0.4147758088515,-0.0390616097946795,0.00543197514901349,-0.0441830680993793,-0.0176386623478654,-0.0421700115452525,0.00185341773205178,-0.00190918747594415,-0.00202468860174431
78,1651752860614191504,4.29291239131727,-2.49824537383139,1.12035601833652,-0.00393696179036538,0.00520016479428798,-0.992365415943507,0.123159814295259,-0.418416358810225,-0.0264412327979466,0.00428413700903475,-0.0440639631575928,-0.0179714785163341,-0.0422089146081721,0.00185321737929916,-0.00190913057828016,-0.00202429507730503
79,1651752861014186400,4.12618767670519,-2.50977970251859,1.12179605534783,-0.00341056270005157,0.00472399135835391,-0.993717754921653,0.111763480266076,-0.427504917592145,-0.0125235357288827,0.00418866976461125,-0.0439494827984805,-0.0182752889626555,-0.042261544613331,0.00185300006005894,-0.00190912550874579,-0.00202390209038917
80,1651752861414181296,3.95692175753702,-2.52671913865086,1.1227640975967,-0.00290113568589207,0.00419296757887036,-0.99459329996464,0.103721599004559,-0.422003833879276,-0.0637781091751451,0.00368310801543579,-0.0438317387879394,-0.0185593988964526,-0.0423138973445903,0.0018527836847895,-0.00190905165471789,-0.00202348220143451
81,1651752861814176192,3.78924064574371,-2.54949475571477,1.12386718986338,-0.00255464351392568,0.00384582849534147,-0.995097726598509,0.0987886527804728,-0.422107255306469,-0.0587902785299325,0.00438457898840807,-0.0437112381785808,-0.0188383379047649,-0.0423640898848854,0.00185258825439286,-0.0019089749281185,-0.00202298080061344
82,1651752862214171104,3.6199276303804,-2.57230780696779,1.12437099010354,-0.00191274381434583,0.00340081069227082,-0.9955177787106,0.0944940641990235,-0.421412094762698,-0.0558243279923993,-0.00136921394878707,-0.0436058693004752,-0.0191009212706967,-0.0424134450223562,0.00185240818264183,-0.00190889179837174,-0.00202241429686234
83,1651752862614166000,3.45322021262294,-2.59474373805589,1.12493491370688,-0.00184435534917795,0.00331149544659602,-0.995855310402032,0.0908726201632015,-0.418069848793141,-0.0784301196230904,0.0014629525998367,-0.0434703678178641,-0.0194201756885344,-0.0424467827551595,0.0018522100361873,-0.00190881135468628,-0.00202182451644017
84,1651752863014160896,3.28378806114315,-2.6200493989054,1.12491079277608,-0.00123540634289792,0.00357829947312987,-0.996103808318159,0.0881071654186501,-0.426689098988031,-0.0386584420888071,-0.000627038988733204,-0.0433613536321457,-0.0197285841602317,-0.0424847986323709,0.00185203083430973,-0.00190877463534149,-0.00202113825602756
85,1651752863414155792,3.11426601150131,-2.64481557094805,1.12461056121669,-0.000721888308750411,0.00371924370649028,-0.99632204219616,0.0856039387971959,-0.420173734815133,-0.0597025106469607,-2.99620607362478e-05,-0.0432614888109218,-0.0200184388662206,-0.0425209514906028,0.00185185467145649,-0.00190868105334629,-0.00202036740199293
86,1651752863814150704,2.94390387010612,-2.66714223615767,1.12431696329243,-0.000190796701416929,0.00350619050315567,-0.996557230772932,0.0828333025959925,-0.426931212752267,-0.0516423721613763,0.000551660838869687,-0.043166182571357,-0.0202791037302414,-0.0425580164502467,0.00185170397420897,-0.0019085907100288,-0.00201950032179224
87,1651752864214145504,2.77305036856927,-2.68884127440865,1.12461340929264,0.000138970633687593,0.00339054177790122,-0.996800727595443,0.079854833158747,-0.423799841514402,-0.0422983897471313,0.00278418354486043,-0.043072861640122,-0.0205106638676013,-0.0425918516661283,0.00185155279745983,-0.00190843488108927,-0.00201855293513608
88,1651752864614140304,2.6040640100832,-2.70829979292818,1.12489205850322,-0.00017743671490614,0.00350144891174545,-0.997059595572807,0.0765497958711936,-0.430418537770767,-0.0503683903238553,-0.000925586096684595,-0.0428720524210485,-0.0208239968580933,-0.0425961456540912,0.00185140585029649,-0.001908439228973,-0.00201751241762116
89,1651752865014135296,2.43052040931968,-2.7283421304369,1.12491921136856,-9.37599340253856e-05,0.0037127072232901,-0.997293845733347,0.0734247388591869,-0.430000546232204,-0.0376638674509977,-0.0026322967982312,-0.0427542146305235,-0.0211166621381587,-0.0425980936624166,0.00185125545563039,-0.00190838506108115,-0.00201637717926289
90,1651752865414130192,2.25828958833548,-2.7462294035566,1.12603991070246,-0.000419424366641273,0.00364515081819835,-0.997524223633944,0.0702279162599228,-0.431237559094115,-0.0345277048974497,0.00456843260321092,-0.0426595136334955,-0.0213851100521821,-0.042611633444162,0.00185110201743573,-0.00190826936171688,-0.00201513661502613
91,1651752865814125200,2.08738212165507,-2.76312234404649,1.1279814370154,-0.000988912641839202,0.00347372475709882,-0.997733255542961,0.0671960272020853,-0.417967442144406,-0.0584669961775445,0.00459903696094518,-0.0425915922107984,-0.0216305520819191,-0.0426322366873082,0.00185095801864459,-0.00190819527322747,-0.00201375289085172
92,1651752866214120096,1.92047211865116,-2.77991015282108,1.12922007908358,-0.00113091210948117,0.00319210583639201,-0.99789010581879,0.0648372439813284,-0.420634236288758,-0.0353871349668229,-0.00374525519353872,-0.0426187474116491,-0.0218486466112256,-0.0426438010985457,0.00185083984798535,-0.00190822289745359,-0.00201223284540516
93,1651752866614114992,1.75443829759902,-2.79583649942931,1.13100049876394,-0.00210461641364259,0.00353244448237548,-0.998050142638481,0.0622816602623728,-0.430888058974154,-0.0470985415775818,0.00112343457758072,-0.0425109750518796,-0.0221455112497908,-0.0426316257192827,0.00185072040280491,-0.00190803269933543,-0.00201067208705935
94,1651752867014110000,1.58445176430791,-2.81019901434652,1.13220403985955,-0.00244945317527807,0.00402540360604564,-0.998248098555468,0.0589790643817164,-0.426778669635947,-0.0402308431585003,0.00228406229148085,-0.0424391958541069,-0.0224253118075302,-0.0426204211391652,0.00185060865067148,-0.00190795175738823,-0.00200898481964725
95,1651752867414104896,1.41447392443539,-2.81725660484169,1.13346448654552,-0.00273367468884872,0.00404680018625788,-0.998535362476692,0.0538820964188414,-0.417351152406866,-0.0209420727238765,0.00340302883554939,-0.0423964800741746,-0.0226791204360792,-0.0426097808541224,0.00185051482491329,-0.00190787818872056,-0.00200719002211091
96,1651752867814099792,1.24721518498356,-2.82426034516859,1.13510656711749,-0.00317355984262633,0.00429057227405356,-0.99877666456941,0.0491598801777411,-0.409526215091475,-0.00790485919164012,0.00387788002449706,-0.0423563825472113,-0.0229177407420781,-0.0425924025790471,0.00185041315476283,-0.00190784668741963,-0.00200532054133003
97,1651752868214094592,1.08254991914673,-2.82774831919714,1.13716002435609,-0.00369538293846864,0.00410210043623149,-0.999003873239951,0.0442806748878606,-0.413050237634643,-0.0201206128855127,0.00434379063648314,-0.0422944851994232,-0.0231236835561176,-0.042562201497374,0.0018503099667319,-0.0019078104522079,-0.00200336178229382
98,1651752868614089392,0.916295176353677,-2.82974748356388,1.13917142013675,-0.00363604667850179,0.0040943832030476,-0.999219481566781,0.039120874838779,-0.415716727349611,-0.0210169099022574,0.00459026080404848,-0.0422019939576887,-0.0233923116773211,-0.042527171842269,0.00185023559293275,-0.00190776234630479,-0.00200134635090078
99,1651752869014084192,0.750504355151836,-2.83021853629668,1.14089250938281,-0.00362662160455771,0.00417133311984319,-0.999410501953871,0.0338835679946958,-0.417398520798784,0.00307338212511594,0.00883929942748908,-0.042091192430078,-0.0236466882290587,-0.0424804300441873,0.00185016247425205,-0.00190772802416556,-0.00199932079741463
100,1651752869414079104,0.581362114490405,-2.82190284896196,1.1419070156235,-0.00329095094363396,0.00395674967757834,-0.999644765604127,0.026150647681205,-0.422397350863127,0.0419497963438804,0.00140193561602316,-0.0419979988956228,-0.0238924244553312,-0.0424243373167173,0.00185013262542873,-0.00190769951325901,-0.00199717781137258
101,1651752869514077696,0.538703557189411,-2.8177185650379,1.14189663836188,-0.00321354680576687,0.0044637186366169,-0.999731070624614,0.0225285321453391,-0.428796520540307,0.0475684635227423,-0.0010904190759645,-0.0419791363307367,-0.0239541965557907,-0.0424106162325036,0.00185012382710532,-0.00190768029556682,-0.00199664316398736
102,1651752869914072496,0.367708763356199,-2.78923437271359,1.14255768451223,-0.00268203283765563,0.00424555201352976,-0.999953234189242,0.00826507243972938,-0.422246134516906,0.0904495127288372,0.00220556749223092,-0.0419221123972706,-0.0241910206621685,-0.0423560242638837,0.001850081851143,-0.0019076206170352,-0.00199450241211719
103,1651752870314067296,0.2013226123226,-2.73798016337339,1.14310986245557,0.0022246176734759,-0.00399476453941406,0.999903125916627,0.0131465476320031,-0.41612524049924,0.158609308261713,-0.00119781285126241,-0.0418807574042657,-0.0244121394778878,-0.0423032806355957,0.00185006857941206,-0.00190755007624262,-0.0019922939398309
104,1651752870714062096,0.0424432263036722,-2.65562663205491,1.14251707712227,0.0015098008546097,-0.00338585735066688,0.999017026728158,0.0441728058720761,-0.377857389380393,0.255321991327916,0.00401209727696741,-0.0418323804195484,-0.0246474289721448,-0.0422636274642371,0.00185007031452935,-0.00190748333443011,-0.0019901621795805
105,1651752871114056896,-0.103327068125824,-2.53709723473713,1.14213925607312,0.000987985753341522,-0.00283140216041803,0.996298089025768,0.0859134730386337,-0.335521267051493,0.336644359243401,-0.000717108842465107,-0.0417765840711681,-0.0248900641282754,-0.0422343616618254,0.00185008943197216,-0.00190745322728907,-0.00198796273476283
106,1651752871514051696,-0.231092580657402,-2.39410612508644,1.14189873793528,0.000688712964911037,-0.0026181160750577,0.991065650425143,0.133347469754988,-0.29838549594992,0.380104921736987,-0.00230301349336798,-0.0416964936044158,-0.0251431198157181,-0.0422135150790555,0.00185011101529437,-0.00190746761443827,-0.00198574760984331
107,1651752871814047792,-0.314845836413829,-2.27481390184438,1.1415456823657,0.000583467772771802,-0.00236423201203533,0.985319393405698,0.170703728579606,-0.258835370530294,0.418911533315027,-0.00611879298996565,-0.0416177261267056,-0.0253231304210263,-0.042211078565374,0.00185012783266975,-0.00190750984768134,-0.00198413863629972
108,1651752872214042704,-0.412359134096976,-2.10630915024997,1.13989295025909,0.000202436663218278,-0.00232714553050172,0.975479026310366,0.220080014180427,-0.224985466599614,0.432894720648771,-0.00550050519836595,-0.0415625269658927,-0.0255919150111559,-0.0422373446422658,0.00185001797048978,-0.00190758213053554,-0.00198203728969977
109,1651752872614037600,-0.490834113935152,-1.92476477925774,1.13812835643586,-0.000251807890455441,-0.00222915800992693,0.962673183711028,0.270657179492852,-0.158560112994127,0.474626103634408,-0.00227392770513136,-0.041495799726953,-0.0258189681811868,-0.0422746577527486,0.00184999552994991,-0.00190760823405776,-0.00197993416502116
110,1651752872914033792,-0.530433251876197,-1.78179155288433,1.13768381726702,0.000126547183312837,-0.00277727584788229,0.950471581106767,0.310799041557528,-0.108269218346776,0.488868033212852,-0.000628401299229745,-0.0414140113543999,-0.0259851943094725,-0.0422896095714373,0.00184998002961543,-0.00190766773380209,-0.00197840759243876
111,1651752873314028704,-0.563901835213544,-1.59011651487439,1.13818363002333,0.000571351301959777,-0.0035300842908768,0.931894209688833,0.362712550115122,-0.0578644976283732,0.470531331334905,8.69125679099256e-05,-0.0413036890726391,-0.0261795511723907,-0.0422960761831299,0.0018498264956105,-0.00190789162031083,-0.00197642967343368
112,1651752873714023600,-0.578674543406596,-1.39934224688214,1.13738789357371,6.62079669332896e-05,-0.00374712769958097,0.911256167201249,0.411822962434342,-0.01981792169323,0.474272602084553,-0.00180781765029453,-0.0412876905039158,-0.0264175248846396,-0.0422981645490384,0.00184982116417515,-0.00190788533198935,-0.0019744346464829
113,1651752874014019792,-0.580826222107085,-1.25546076090112,1.13642493013014,-0.000585211478644819,-0.00400397599442412,0.894506063254878,0.447037502346305,0.00355951746803099,0.484604290522393,-0.00486491272276013,-0.0412379302747034,-0.02659606314996,-0.0422922206254653,0.00184977430174757,-0.00190794304336289,-0.00197295755902651
114,1651752874414014704,-0.574600547162599,-1.06062329906112,1.13497526480441,-0.00113433791690438,-0.00383451097506842,0.871521014872011,0.490341850589496,0.0314891711473674,0.487623926373144,-0.00419397723298334,-0.0411307099171798,-0.0268030811806698,-0.0422516658399652,0.00184970720199252,-0.00190796374305407,-0.00197095304289131
115,1651752874814009600,-0.550549032617268,-0.866641473503855,1.1341377771704,-0.00118054615569836,-0.00349049107249664,0.84685321556239,0.531813928056127,0.0807965868767415,0.472218272481164,0.00652340478839423,-0.040929009612876,-0.0269808797577921,-0.0421996405525643,0.00184970381353285,-0.00190795881825088,-0.00196888696873658
116,1651752875114005600,-0.520460956572731,-0.723589547390741,1.13355149153949,-0.00167887162080724,-0.00317473504509324,0.826936800729093,0.562283407231092,0.120528014163469,0.485623797238955,-0.00350447340153133,-0.0409115316020524,-0.0271524413717412,-0.04217304145879,0.00184972477628182,-0.00190798012417696,-0.00196738139898715
117,1651752875514000400,-0.460272051161824,-0.534115640446961,1.13253984454037,-0.00200012029764532,-0.00206384959531026,0.798299359382853,0.602253993637709,0.183676931819884,0.462718061787623,-0.00141812014804875,-0.040775760083853,-0.0273617055217102,-0.0421360029329428,0.00184968551938052,-0.00190801726037459,-0.00196540177039027
118,1651752875913995200,-0.375514713608821,-0.350881926879404,1.13116330910591,-0.00230058326251995,-0.00107272219926427,0.766028584616178,0.642801496680484,0.249275404878216,0.455392346758537,-0.00399291772919877,-0.0405673151617565,-0.027543787432985,-0.0420985463446634,0.00184966104597092,-0.00190804376373418,-0.00196341416596719
119,1651752876213991392,-0.292353825372538,-0.217622862689478,1.12981107585763,-0.00251058580877504,-0.000120877591767815,0.738456129699114,0.674296838830874,0.307410914126083,0.430012741748093,0.00570659630152359,-0.0403462267536606,-0.0276594972028578,-0.0420752286567568,0.00184967016763205,-0.00190803898009372,-0.00196191327458493
120,1651752876613986304,-0.157265735073594,-0.0570899949922214,1.12935285456083,-0.00284556924089367,-8.52922391583548e-05,0.697165417048407,0.716904649679893,0.368880430601364,0.376647831031497,-0.000975763249583871,-0.0401957565011123,-0.0278830571054592,-0.042062012846278,0.00184969685067889,-0.00190809879340548,-0.00195996653033078
121,1651752877013981200,0.0018267234644363,0.0806021818155005,1.12829633584175,-0.00300559915527709,-0.00034572407188762,0.651339509696392,0.758780396397435,0.431366350431435,0.318179268866291,-0.00277248483821297,-0.0400012477230935,-0.0280706991502207,-0.042035211912347,0.00184971338675646,-0.0019082075358159,-0.00195810230111108
122,1651752877213978704,0.0898957971569804,0.139855322579516,1.1276297699114,-0.00332386475056415,-0.000479414436607976,0.626353646975849,0.779531802433339,0.459499495835059,0.275232837540263,-0.0040485160419887,-0.0399036236002909,-0.028152901018755,-0.0420239189269411,0.00184971117164344,-0.00190829991938651,-0.00195721973178248
123,1651752877613973696,0.277638130918036,0.237904807883711,1.12622959221842,-0.00351437880280581,-0.000293844719305537,0.574575267708719,0.818444148695783,0.484463641094421,0.212323724858644,-0.00324744884257359,-0.0396827592345354,-0.0282800135327329,-0.0420004560111832,0.00184965323761778,-0.00190839927188291,-0.00195550726477461
124,1651752878013968704,0.47403235368056,0.30937240547687,1.12380977441558,-0.0043335579395522,0.000336423205116049,0.520730545996497,0.853710024282954,0.50281171324063,0.131450650921917,-0.00438841474705823,-0.0394912850591779,-0.0285063461653664,-0.0419855659411639,0.00184955529729379,-0.00190854108777194,-0.00195380315312563
125,1651752878213966192,0.573490040418259,0.331659865364929,1.12320076436953,-0.00472468002760612,0.000405896734102134,0.492523148094911,0.870286424826423,0.496500296678429,0.0876605874259698,-0.00262664756327478,-0.0393857098097026,-0.0285878368190386,-0.0419796997162708,0.00184956173749461,-0.00190861679794624,-0.00195294561844023
126,1651752878613961200,0.765716628664273,0.353799387908944,1.12225846290629,-0.00512339855904522,0.000625150906439362,0.437581909168575,0.899163740784699,0.463587845681263,0.0245978705230077,-0.00240739696922684,-0.0391681432671592,-0.0287144410432221,-0.0419572859373715,0.00184949669911672,-0.00190876980353577,-0.00195129397822501
127,1651752879013956192,0.94176307724862,0.351389077925324,1.12144140205566,-0.00554157122031168,0.000713613068822302,0.385372434074596,0.922744205508883,0.423953721054543,-0.0346138672950151,-0.00283796493236809,-0.0389566914555472,-0.028783016942369,-0.0419191340059265,0.00184933496585939,-0.00190895991595417,-0.00194974159514952
128,1651752879413951200,1.10717718060762,0.330007226330992,1.12110821004656,-0.00602382287241979,0.000816564745492725,0.335014948558326,0.942193202598321,0.392147940308816,-0.070717918796518,0.00578917164229861,-0.0387374426015794,-0.0289323194535435,-0.0418745172146238,0.00184933387615505,-0.00190912609526381,-0.00194808529356652
129,1651752879813946096,1.26292315020133,0.296183108612025,1.12105838787374,-0.00654585798907307,0.000479262364848064,0.286614438987747,0.958023530720677,0.382108806683586,-0.0948889622066954,-0.00199537885056849,-0.0385204140475473,-0.0290866779363972,-0.0418120250872275,0.00184920841200306,-0.00190932027293249,-0.00194646774047115
130,1651752880213940992,1.41363761990588,0.253557957656865,1.12002932843186,-0.006584782582864,0.00122515588427651,0.241026734210343,0.970495364763424,0.365799025797,-0.124799207215693,-0.00222099002444741,-0.038342073237433,-0.0292041872128066,-0.0417477931843555,0.00184907351608298,-0.00190948104564296,-0.00194479122039556
131,1651752880613935904,1.5567996976396,0.203867655224437,1.11966177660765,-0.00655397362003091,0.00107770112171555,0.197757305629021,0.980228510124262,0.336999792186117,-0.118145964323408,3.09765538603625e-05,-0.0381362041690582,-0.0293230889260793,-0.0416638585467716,0.00184901936702588,-0.0019096381005932,-0.00194296955011815
132,1651752880813933392,1.62438390129364,0.179622711041831,1.1198298976255,-0.00703142440932044,0.000813358415180019,0.177532111944385,0.984089552199103,0.335293587233724,-0.129352292348949,0.000833046012377365,-0.0381075681111708,-0.0294495980430525,-0.0416226287956833,0.00184892812093828,-0.00190967191527807,-0.00194206223930236
133,1651752881213928496,1.75110966096596,0.137440909791974,1.11988910395448,-0.00726846411218378,0.000605471452268994,0.143881202453071,0.9895680888218,0.317859477814778,-0.0856153903175114,-0.00649149944850184,-0.0379221794931395,-0.0296568864060786,-0.0415215452698982,0.00184866918049939,-0.00190971974403476,-0.00194037523605601
134,1651752881613923504,1.86988144272336,0.105010315178065,1.12003545744573,-0.00737511092348373,0.000659827999926919,0.11766098083405,0.993026216146908,0.282324761689057,-0.0685079929319972,0.000686546535241417,-0.0377001917804335,-0.029823660831352,-0.0414268353103625,0.00184842150440477,-0.00190987615743053,-0.00193869515250012
135,1651752882013918592,1.98079131376423,0.0854791656991401,1.11973325463028,-0.00737116108717097,0.000908591101036536,0.0994404034142862,0.995015802193735,0.27162858823327,-0.0429692723511966,0.000857168754749115,-0.0374744360939065,-0.0299619425238926,-0.0413337368633027,0.00184818744449323,-0.00190998870868609,-0.00193701085984402
136,1651752882413913600,2.08676615819452,0.0779017944501912,1.11904031676972,-0.00746449510316241,0.000925350127188422,0.0875292331821448,0.996133554488826,0.26890179744054,-0.00454165462017109,-0.00430342538547176,-0.0372360793171482,-0.0300780440339639,-0.0412310567040946,0.00184796940776765,-0.0019101402412893,-0.00193533335175068
137,1651752882613911200,2.13941249186223,0.0770791065110716,1.11854901656056,-0.00741971676743965,0.00122863281239176,0.0830176129747469,0.996519700859184,0.265330044553374,-0.00669289148370181,-0.00513303846542578,-0.0371294262170054,-0.0301218760455639,-0.0411871600381835,0.0018478807908529,-0.00191021715998862,-0.00193451792558992
138,1651752883013906192,2.24223764010451,0.0806489105522568,1.1171283840437,-0.00693076546119606,0.00185732435743967,0.0777301153237965,0.996948616533522,0.252890115246507,0.0198380865058272,-0.00457437544484971,-0.0369237352277001,-0.0301701367433594,-0.0410990821129596,0.00184767125457331,-0.00191029484740256,-0.0019329224307398
139,1651752883413901200,2.34144732901562,0.0918884657739117,1.11619896301805,-0.00644644320067481,0.00229833734064012,0.0758705720644606,0.997094186779835,0.25054370812007,0.029159812867726,0.000171591146455025,-0.0366592537577078,-0.0301655967701504,-0.0409878564832139,0.0018475002065363,-0.00191015863313895,-0.00193132904809233
140,1651752883813896304,2.43524252369035,0.104508847631906,1.11627791227763,-0.00676290455190916,0.00229873104717233,0.0750843204729964,0.997151605211917,0.207131019612059,0.0241725650702602,0.00306589715980537,-0.0362589896544519,-0.0303675304840458,-0.0408358250562674,0.00184736715935884,-0.00191048592058342,-0.0019299908411255
141,1651752884213891296,2.51581851404683,0.114225685548937,1.11677101859814,-0.00692633915496901,0.00191543257455816,0.0739420714424946,0.997236645443174,0.186916132000397,0.0253935141210071,0.00275627633768574,-0.0359774320904328,-0.0305124314559149,-0.0406479389438935,0.00184725120792468,-0.00191057700136863,-0.00192856703251043
142,1651752884613886304,2.58783578971929,0.122403213260209,1.11705931985093,-0.00698864270727147,0.00178802023555073,0.0728408241049998,0.997317490170734,0.171615950039328,0.0175769177982115,-0.00013299128753984,-0.0357429813320262,-0.0306296214151499,-0.0404442028911255,0.00184714117211841,-0.00191064289402384,-0.00192708364832405
143,1651752884913882592,2.63741513628429,0.126670891618402,1.11748424725815,-0.00685589281990032,0.00189559153961524,0.0718097799801871,0.99739298120929,0.157253009621214,0.0112677465326628,0.00163941921949328,-0.0355650460101322,-0.0307078403934044,-0.040278420603475,0.00184706676667539,-0.00191062259165412,-0.00192594014739873
144,1651752885313877600,2.66960997438713,0.129746799887166,1.11840817139127,-0.00684135739923527,0.000881304490172438,0.0711173151771431,0.997444107012181,-0.0334586427231426,-0.0121476401229305,-0.000922790526811781,-0.0352794353722436,-0.0308130252863759,-0.0400317456209889,0.00184696621779837,-0.00191072870398189,-0.00192442511536058
145,1651752885713872800,2.6698330599369,0.129762887775675,1.11858097262551,-0.00702276795506056,0.000817219594138107,0.0708572961054652,0.99746140600577,0.0143244991481957,0.00508904333387996,-0.00104465177936343,-0.0350717689185277,-0.0309240925974564,-0.039840616373724,0.00184684852561882,-0.00191106584160114,-0.00192299412142245
146,1651752886113867792,2.67180083847489,0.12862584419076,1.11774723529634,-0.00700361966905196,0.00131224646461284,0.0703679341388652,0.997495654710223,0.0088225413840101,-0.000792446672304558,-0.00197757085713097,-0.0349350284912258,-0.0310247169032511,-0.0397037650747349,0.00184671258329482,-0.00191126829051579,-0.00192171515077906
147,1651752886513862992,2.67218086747512,0.127676052067564,1.11714063712427,-0.00699321932712643,0.00151854886051787,0.0699762117384141,0.997522991556356,-0.0130598324386724,-0.00599475494003424,-0.00165516791853304,-0.0347850630024064,-0.0311165339417376,-0.0395730830708189,0.00184658480624132,-0.0019113493662583,-0.00192054682553063
148,1651752886913858096,2.67008064518433,0.126476745223712,1.11662490235102,-0.00691665414194602,0.00134067998639972,0.069657732322396,0.99754607051522,0.0140994216383096,0.00548481427261855,-0.00250092193735334,-0.0346318722856259,-0.0311977930444771,-0.0394484364171898,0.00184646090536962,-0.00191155195864087,-0.001919500863749
149,1651752887313853104,2.67441316259517,0.125452806354137,1.11561665020778,-0.00675380138891306,0.0023421600629803,0.0691935024745636,0.997577645934561,-0.0166039905065507,-0.00915793964123442,-0.00108872909523862,-0.0345579989390947,-0.0312628758196312,-0.0393618486374685,0.00184634847250411,-0.00191165949352404,-0.00191858215245365
150,1651752887713848192,2.66921562163804,0.123516931709692,1.11565460515695,-0.00644715577640253,0.00179285513121028,0.0689462074026527,0.997597935211207,-0.0113806255746234,-0.00593686476920021,0.000217000294121959,-0.0344976955269694,-0.0313096534182747,-0.0392320628563208,0.00184627464643362,-0.0019118767599891,-0.00191776878893754
151,1651752888113843296,2.6686227304,0.122371719215721,1.11570734809387,-0.00666965245557295,0.00159949106191476,0.0685909912739805,0.997621287503689,0.00850515342783256,0.00248473279699914,7.98327697249832e-05,-0.0342979767389653,-0.0315083699997093,-0.0391030014693637,0.00184612837810025,-0.00191189852676786,-0.00191677062368836
152,1651752888513838400,2.66967360638527,0.122173236222152,1.11579618967565,-0.00681409112840672,0.00163859646160087,0.0684361080109749,0.997630884788578,-0.0129480255558145,0.000663916298793516,0.000929518463180136,-0.0340794090640332,-0.0316589023072489,-0.0389842842222516,0.0018460133879135,-0.00191192953530549,-0.00191587452601428
153,1651752888913833392,2.66694374590163,0.121870501192298,1.11601902695629,-0.00690846662887121,0.00106780536932026,0.0684177795830111,0.997632267079139,0.00443866753681505,0.000470118736979927,-0.000260854060632041,-0.0338411067501768,-0.0317904718115978,-0.0388725807198456,0.00184590201081095,-0.00191208690607339,-0.00191505091126663
154,1651752889313828304,2.67106131394477,0.122250518902502,1.11571747734732,-0.00701211679465613,0.00171392251899427,0.0683096231486958,0.997638054643537,-0.00255377245011662,0.000478081828211998,-0.000345493434573799,-0.0336659073817898,-0.0319110587382696,-0.0388127629831529,0.0018457946993404,-0.00191219518206603,-0.00191427994974224
155,1651752889713823296,2.66781467658457,0.121843797911789,1.1159620369657,-0.00700742891111873,0.00109046049987682,0.0683473138289797,0.997636382420126,0.000225567310947417,-0.0029647809798176,-5.32966481605055e-05,-0.0334383660758986,-0.0320238180192565,-0.0387362290438681,0.0018456821261772,-0.00191228846559468,-0.00191356042469963
156,1651752890113818304,2.67065913041159,0.121921944647922,1.11560973591725,-0.00700003956592379,0.00154691413448314,0.0682806255487547,0.997640397476669,0.00811870908904798,-0.000186052902782091,-0.00118285320760081,-0.0332535506511583,-0.032128916235439,-0.0386887209220134,0.00184556492337848,-0.00191243311875659,-0.00191292002280952
157,1651752890513813392,2.66964218004707,0.121480841117418,1.11544651397278,-0.00691266091688027,0.00136573637347706,0.0682750190751922,0.997641654931012,0.00267805270956108,-0.000553880514227468,-0.000427451591320816,-0.0330490514843259,-0.0322257068149654,-0.0386347269396857,0.001845446677299,-0.00191250052228596,-0.00191234735536743
158,1651752890913808496,2.67086952146399,0.121444099472098,1.11511652390527,-0.00682446924155924,0.0015740709743555,0.0682940105092476,0.997640655270575,-0.00491688957081725,-0.000913449452434753,-0.000681446679146009,-0.0328568957722432,-0.032314180016285,-0.0385922607307052,0.00184532588189896,-0.00191259031334714,-0.00191186921928046
159,1651752891313803504,2.67081479630476,0.121065856595302,1.1148581547468,-0.00664855624314997,0.00157946040887816,0.068313670665862,0.997640488555299,0.00568115732531317,0.000667691317458086,-0.000733469264324246,-0.032664341137672,-0.0323871664198056,-0.038554747060212,0.00184520762683485,-0.00191265345556715,-0.00191147755268881
160,1651752891713798704,2.67138888804694,0.12116986568645,1.1145319764857,-0.00642485949541834,0.00172774877618168,0.0684557845799165,0.997631967020994,-0.00184457065627704,0.000448409540773059,-0.000698679572354964,-0.0324827917865444,-0.0324339724106077,-0.0385287303706522,0.00184508732404425,-0.00191273147292746,-0.00191113253270641
161,1651752892113793792,2.6719585715773,0.122451223019484,1.11431428661971,-0.00608485563990134,0.00192407930218468,0.0689348810796119,0.997600749108189,0.000898859021784318,0.00664838646684792,0.000132632889043103,-0.0323142736223566,-0.0324108225231201,-0.0385064092453487,0.00184491945441814,-0.00191277416093175,-0.00191080572077284
162,1651752892513788992,2.67316762102309,0.123872356896759,1.1144753114898,-0.00640387827018378,0.00224971231994359,0.0692111932751151,0.99757893916372,0.00048423836883933,-0.000496237628817752,0.00155279616863744,-0.0321387811442996,-0.0325120385901716,-0.0384746277954731,0.00184494793124529,-0.00191284491141167,-0.00191053723995967
163,1651752892913784096,2.67246373917364,0.123063813872655,1.1149319717787,-0.00630834378685276,0.00213117500464664,0.0691011164087591,0.99758743907631,-0.00089492050337227,-0.00150526531736056,-1.47664471811639e-06,-0.032055322089008,-0.0326254584339513,-0.0384381773293529,0.00184489894142314,-0.00191292653471404,-0.00191031579539467
164,1651752893313779200,2.67242211623593,0.122776121748799,1.11438292928727,-0.00637783492736296,0.00199011355254888,0.0686824460643809,0.997616200887045,0.000198415907799015,0.00019638886702131,-0.00154186722449394,-0.0320270002481109,-0.032674088206887,-0.0384555327355629,0.00184479879355205,-0.00191297132158894,-0.00191019809748038
165,1651752893713774304,2.67194591021707,0.122211974896021,1.11409644405008,-0.00622901318012598,0.00215140019892952,0.0688189432050694,0.997607399695954,0.00273612505476755,-0.00313239553002016,-0.000365739557306735,-0.0320230089952691,-0.0326807545230821,-0.0384621755743168,0.00184476600613732,-0.00191299473992235,-0.00191017112755574
