INSERT INTO waypoints (Id, CreatedOn, Type, Name, FloorId, PosX, PosY, PosZ, PosW, isActive) VALUES (0, '2020-01-24 18:16:29.320195', 1, 'A', 0, 3.549, 0.752, 0.0, 3.047, 1);
INSERT INTO waypoints (Id, CreatedOn, Type, Name, FloorId, PosX, PosY, PosZ, PosW, isActive) VALUES (1, '2020-01-24 18:16:29.320195', 1, 'B', 0, -3.448, 1.999, 0.0, 0.023, 1);
INSERT INTO waypoints (Id, CreatedOn, Type, Name, FloorId, PosX, PosY, PosZ, PosW, isActive) VALUES (2, '2020-01-24 18:16:29.320219', 1, 'C', 0, -4.234, -4.257, 0.0, 0.009, 1);
INSERT INTO waypoints (Id, CreatedOn, Type, Name, FloorId, PosX, PosY, PosZ, PosW, isActive) VALUES (3, '2020-01-24 18:16:29.320215', 1, 'D', 0, -0.090, -2.303, 0.0, -0.018, 1);
INSERT INTO waypoints (Id, CreatedOn, Type, Name, FloorId, PosX, PosY, PosZ, PosW, isActive) VALUES (4, '2020-01-24 18:16:29.320217', 1, 'E', 0, 4.786, -1.934, 0.0, 0.691, 1);
INSERT INTO waypoints (Id, CreatedOn, Type, Name, FloorId, PosX, PosY, PosZ, PosW, isActive) VALUES (5, '2020-01-24 18:16:29.320215', 1, 'F', 0, 9.726, 0.338, 0.0, 1.000, 1);
INSERT INTO waypoints (Id, CreatedOn, Type, Name, FloorId, PosX, PosY, PosZ, PosW, isActive) VALUES (6, '2020-01-24 18:16:29.320221', 4, 'CA', 0, -5.383, 1.855, -0.037, 0.0, 1);
INSERT INTO waypoints (Id, CreatedOn, Type, Name, FloorId, PosX, PosY, PosZ, PosW, isActive) VALUES (7, '2020-01-24 18:16:29.320223', 1, 'GA', 1, 3.273, -4.325, 0.0, 1.9, 1);
INSERT INTO waypoints (Id, CreatedOn, Type, Name, FloorId, PosX, PosY, PosZ, PosW, isActive) VALUES (8, '2020-01-24 18:16:29.320225', 1, 'GB', 1, -2.48, 0.507, 0.0, -0.099, 1);
INSERT INTO waypoints (Id, CreatedOn, Type, Name, FloorId, PosX, PosY, PosZ, PosW, isActive) VALUES (9, '2020-01-24 18:16:29.320228', 1, 'GC', 1, 4.078, -0.224, 0.0, -1.579, 1);
INSERT INTO waypoints (Id, CreatedOn, Type, Name, FloorId, PosX, PosY, PosZ, PosW, isActive) VALUES (10, '2020-01-24 18:16:29.320230', 1, 'GD', 1, 4.542, -3.906, 0.0, 3.126, 1);
INSERT INTO waypoints (Id, CreatedOn, Type, Name, FloorId, PosX, PosY, PosZ, PosW, isActive) VALUES (11, '2020-01-24 18:16:29.320232', 1, 'GE', 2, 2.65, 9.2906, 0.0, -0.2, 1);
INSERT INTO waypoints (Id, CreatedOn, Type, Name, FloorId, PosX, PosY, PosZ, PosW, isActive) VALUES (12, '2020-01-24 18:16:29.320234', 1, 'GF', 2, 8.2, 11.206, 0.0, 1.61, 1);
INSERT INTO waypoints (Id, CreatedOn, Type, Name, FloorId, PosX, PosY, PosZ, PosW, isActive) VALUES (13, '2020-01-24 18:16:29.320236', 1, '2A', 3, -19.6, -5.15, 0.0, 1.37, 1);
INSERT INTO waypoints (Id, CreatedOn, Type, Name, FloorId, PosX, PosY, PosZ, PosW, isActive) VALUES (14, '2020-01-24 18:16:29.320248', 1, '2B', 3, -35.1, -8.6, 0.0, -0.3, 1);
INSERT INTO waypoints (Id, CreatedOn, Type, Name, FloorId, PosX, PosY, PosZ, PosW, isActive) VALUES (15, '2020-01-24 18:16:29.320251', 1, '2C', 4, -34.3, -1.6, 0.0, 0.0, 1);
INSERT INTO waypoints (Id, CreatedOn, Type, Name, FloorId, PosX, PosY, PosZ, PosW, isActive) VALUES (16, '2020-01-24 18:16:29.320253', 1, '2D', 4, -14.6, 8.3, 0.0, -2.06, 1);
INSERT INTO waypoints (Id, CreatedOn, Type, Name, FloorId, PosX, PosY, PosZ, PosW, isActive) VALUES (17, '2020-01-24 18:16:29.320255', 1, '2E', 5, -5.4, -3.7, 0.0, 0.2, 1);
INSERT INTO waypoints (Id, CreatedOn, Type, Name, FloorId, PosX, PosY, PosZ, PosW, isActive) VALUES (18, '2020-01-24 18:16:29.320257', 1, '2F', 5, 1.04, 0.1, 0.0, 3.06, 1);

INSERT INTO floors (Id, CreatedOn, Name, Description) VALUES (0, '2020-01-24 18:16:29.315395', 'L', '');
INSERT INTO floors (Id, CreatedOn, Name, Description) VALUES (1, '2020-01-24 18:16:29.315410', 'B', '');
INSERT INTO floors (Id, CreatedOn, Name, Description) VALUES (2, '2020-01-24 18:16:29.315413', 'G', '');
INSERT INTO floors (Id, CreatedOn, Name, Description) VALUES (3, '2020-01-24 18:16:29.315416', '1', '');
INSERT INTO floors (Id, CreatedOn, Name, Description) VALUES (4, '2020-01-24 18:16:29.315418', '2', '');
INSERT INTO floors (Id, CreatedOn, Name, Description) VALUES (5, '2020-01-24 18:16:29.315420', '3', '');
 
INSERT INTO paths (Id, CreatedOn, WaypointIdA, WaypointIdB, PathString, isActive) VALUES (0, '2020-01-24 18:16:29.324919', 1, 4, '1,2,3,4', 1);
INSERT INTO paths (Id, CreatedOn, WaypointIdA, WaypointIdB, PathString, isActive) VALUES (1, '2020-01-24 18:16:29.324933', 5, 8, '5,6,7,8', 1);
INSERT INTO paths (Id, CreatedOn, WaypointIdA, WaypointIdB, PathString, isActive) VALUES (2, '2020-01-24 18:16:29.324935', 9, 12, '9,10,11,12', 1);
 
